,station_id,v√©los_disponibles,places_disponibles
0,213688169,7,28
1,653222953,27,2
2,17278902806,4,16
3,36255,4,17
4,37815204,11,19
5,251039991,8,17
6,85002689,15,43
7,2515829865,7,14
8,516709288,3,16
9,120827885,3,9
10,66491398,6,42
11,37874517,13,6
12,210565680,24,11
13,210403080,22,1
14,210561800,1,16
15,209063434,6,25
16,94555589,1,25
17,244498842,13,37
18,210405211,17,2
19,43195240,8,17
20,501862076,1,21
21,17486274358,18,21
22,207633746,34,26
23,16560752067,4,26
24,210566542,49,9
25,85043758,5,30
26,54000559,11,27
27,210397939,15,1
28,82405965,41,2
29,213682736,1,51
30,128986726,28,3
31,54000581,5,28
32,13105968,3,18
33,653208733,2,35
34,27415224,29,3
35,54000536,30,4
36,129094535,4,23
37,54000612,4,37
38,80101533,12,22
39,17486876370,1,17
40,599135701,4,37
41,102747146,12,14
42,2515403527,5,24
43,653132534,12,13
44,506455295,10,5
45,1057149522,1,21
46,653197324,12,11
47,2515085147,5,16
48,42950839,2,16
49,14813797734,4,24
50,88230992,5,21
51,499303158,14,16
52,123095125,3,54
53,27415302,5,20
54,27414512,28,12
55,210580039,2,14
56,49474389,20,3
57,128940135,20,1
58,35149611,1,13
59,1057296253,47,16
60,576188379,0,24
61,129107656,1,24
62,210574471,1,10
63,1057228658,0,22
64,230873471,6,15
65,205047993,12,34
66,39799329,26,7
67,129164969,4,45
68,128989986,23,2
69,129004826,2,14
70,518825709,16,5
71,128930462,28,0
72,911767210,4,19
73,54000565,2,25
74,210586093,1,23
75,7254,15,9
76,369644630,5,27
77,214114469,27,4
78,55927887,31,5
79,210570888,12,10
80,128887067,11,6
81,72765603,18,1
82,210582921,11,2
83,16659953198,4,25
84,17486828694,31,0
85,16659964929,17,12
86,35196898,0,27
87,43255030,8,39
88,129025451,1,25
89,128920403,25,0
90,323616530,15,1
91,1062192012,33,2
92,521393180,5,15
93,6296,16,1
94,208795867,0,16
95,82567101,9,16
96,457813746,0,15
97,128882438,35,0
98,50191171,5,18
99,129014600,31,2
100,3906153622,2,14
101,129087587,3,36
102,213693511,3,21
103,82379648,30,3
104,66491397,9,51
105,230877798,0,34
106,2515995748,13,9
107,27363162,0,22
108,129021753,2,15
109,210740080,3,45
110,3906094706,20,20
111,80216231,4,35
112,336511521,2,15
113,82562556,8,40
114,129048000,20,24
115,1062250686,8,28
116,129043651,9,12
117,27363489,3,24
118,39296638,33,1
119,813544903,7,23
120,205938683,9,44
121,210399835,35,3
122,102324803,0,40
123,101763163,12,0
124,653133605,28,17
125,126050442,2,21
126,27414578,12,6
127,54000569,5,31
128,508042092,8,25
129,42603855,5,12
130,818302209,3,48
131,13718041,1,21
132,265464297,7,43
133,1057392676,26,8
134,532054446,29,29
135,129034587,1,16
136,261987383,2,24
137,314829539,7,41
138,1057324291,2,53
139,37815993,35,1
140,583539396,11,18
141,101753100,16,0
142,27415466,0,22
143,81081358,3,34
144,66491385,3,20
145,209057581,4,14
146,3906335682,10,15
147,586539770,12,9
148,535500589,61,3
149,597245295,4,30
150,18656691283,0,0
151,235513935,1,26
152,102309973,2,39
153,27363187,0,0
154,27206194,3,16
155,102323152,1,18
156,828134511,5,26
157,129060764,3,25
158,586649404,13,12
159,596813170,2,13
160,596872103,7,22
161,271426439,5,13
162,210749865,11,7
163,66491389,52,2
164,76199461,4,27
165,230952057,28,4
166,88140066,63,3
167,213683101,2,17
168,213684750,4,30
169,129067920,5,34
170,2515049357,22,1
171,27364743,3,18
172,102314792,1,32
173,35447568,6,17
174,583178525,0,18
175,2514995690,27,1
176,66491402,4,27
177,82387816,22,9
178,213685090,9,19
179,301841024,5,24
180,213679512,5,20
181,85147829,12,14
182,588452142,4,18
183,129038848,24,7
184,17581042048,2,26
185,213681356,3,19
186,2515351285,10,16
187,213685514,23,0
188,102329800,8,18
189,572566600,4,26
190,54000625,6,26
191,13356269,6,25
192,213911772,4,52
193,129132870,8,15
194,620403530,5,15
195,66491378,0,52
196,631773910,3,23
197,1765749389,1,14
198,611152693,0,27
199,235241110,9,52
200,613737748,12,18
201,41498023,5,18
202,1062671597,18,6
203,213945171,0,19
204,463297497,0,16
205,213875650,19,4
206,245187072,8,11
207,129144878,15,13
208,27415665,9,31
209,593238093,16,7
210,102331767,16,17
211,37791,25,9
212,50156117,7,14
213,15462236,18,14
214,101024234,57,0
215,210744286,11,32
216,213992316,2,48
217,213694482,1,19
218,235599121,3,23
219,101743895,2,62
220,213691848,10,31
221,129011497,9,14
222,54000601,2,19
223,213687140,8,26
224,97677210,3,47
225,213680917,1,23
226,1057774603,3,29
227,213688462,10,27
228,102749572,37,14
229,390212609,16,13
230,549876068,4,36
231,63498079,4,21
232,102338493,0,29
233,213683992,40,11
234,27362896,18,3
235,39254792,11,40
236,875078767,0,20
237,1558958733,14,14
238,2515802454,18,6
239,648227675,3,35
240,1062206433,1,18
241,129032910,13,37
242,54000577,5,22
243,54001024,8,44
244,94250567,24,28
245,129078200,0,29
246,649888071,5,14
247,82563707,12,21
248,129143598,21,2
249,213690847,6,30
250,102333275,22,12
251,640629438,12,10
252,27363362,4,14
253,237624030,35,1
254,6399,2,30
255,213957917,19,8
256,54000626,14,4
257,210746090,31,17
258,27414841,1,31
259,42566291,0,35
260,53999465,65,0
261,82253759,22,5
262,213702608,0,18
263,54000609,2,30
264,647826568,29,2
265,82328045,6,15
266,214134714,8,18
267,214139374,0,30
268,17174681330,9,16
269,213700358,2,18
270,559507144,3,21
271,653063170,8,32
272,3906215030,2,36
273,129151834,5,14
274,213694069,4,21
275,55664548,22,12
276,653200142,11,27
277,650091839,13,11
278,362869414,17,8
279,49368561,22,34
280,42743053,2,33
281,49859500,3,13
282,213699913,8,22
283,101740379,5,39
284,4329844165,3,28
285,18660653445,0,0
286,54000553,32,3
287,468843711,5,18
288,378626842,8,42
289,27414945,9,7
290,376664868,25,2
291,2515927759,1,25
292,27071684,3,30
293,205955605,31,5
294,933214552,22,4
295,39217683,4,23
296,353462947,18,7
297,1559700274,5,15
298,66491370,28,0
299,213688824,4,28
300,210090269,12,51
301,82337423,28,19
302,66491393,8,39
303,1062223873,12,10
304,49085250,6,12
305,66491404,5,14
306,66491392,1,42
307,2515907297,11,8
308,66491401,3,53
309,341388492,7,38
310,985828965,12,24
311,338762459,23,5
312,323486248,3,13
313,38263504,23,2
314,501318622,4,20
315,652120758,4,54
316,54000544,33,6
317,49403716,27,0
318,470807791,26,6
319,210396518,13,3
320,568135465,30,7
321,82450803,16,43
322,214102967,3,40
323,54000597,6,15
324,2515658032,3,15
325,102319838,8,7
326,652192395,38,28
327,571923059,22,25
328,54000635,10,22
329,210568512,21,42
330,35908,16,3
331,82445192,0,39
332,1062179194,5,17
333,1063017616,9,13
334,378648513,5,30
335,27278603,0,26
336,13497763,6,17
337,653042442,37,3
338,49807107,4,13
339,210747224,46,3
340,66491405,6,20
341,357409723,2,27
342,17992442278,1,17
343,52393,11,38
344,570185777,3,30
345,54000571,5,48
346,473204291,31,3
347,27363103,2,31
348,85145704,1,25
349,950901146,0,0
350,26958435,2,23
351,6385,1,21
352,82550925,7,30
353,85165045,8,17
354,129119449,0,19
355,475524450,20,4
356,653048150,40,0
357,244400797,6,15
358,213922790,9,39
359,129001431,6,24
360,653203262,15,14
361,406806401,0,27
362,1063035479,6,18
363,54000595,2,34
364,82571110,25,1
365,54000582,2,24
366,217235307,4,21
367,210748575,20,31
368,82421994,11,23
369,129086648,2,40
370,217572769,11,15
371,214298601,1,22
372,129125489,1,20
373,653044270,0,17
374,37936869,9,26
375,85143075,0,0
376,215495494,6,41
377,214122655,27,4
378,82458977,0,23
379,129077035,35,16
380,15461933,4,13
381,653046029,31,4
382,216473073,0,18
383,37521,9,6
384,2515976231,9,11
385,129103849,3,17
386,1057009034,1,26
387,82334007,26,14
388,214146056,8,20
389,15308782,32,2
390,85008390,67,4
391,216039437,25,1
392,43155320,4,44
393,221047138,0,17
394,210567545,10,8
395,129130397,5,15
396,653129412,2,29
397,419381597,33,16
398,27414601,37,5
399,54000548,26,2
400,54000466,28,1
401,426772876,31,0
402,74620630,0,25
403,129091653,3,30
404,129036192,2,11
405,129134084,14,9
406,11004671601,13,12
407,210754072,3,32
408,419991048,49,0
409,2820744873,5,25
410,213676825,48,3
411,15299574,28,19
412,41566122,7,45
413,963786819,2,28
414,427678168,4,42
415,976762284,23,3
416,213686196,4,9
417,82421013,12,22
418,434419150,36,0
419,252339799,13,14
420,220502135,2,34
421,129114993,2,30
422,129124069,0,20
423,220726050,31,23
424,254224239,3,60
425,1805401614,27,0
426,85118872,1,36
427,100859941,48,4
428,224589573,16,1
429,129116697,4,15
430,977409509,2,36
431,653055049,30,3
432,221041655,6,49
433,1057769632,6,20
434,1333959209,3,16
435,213690256,6,40
436,476183970,3,35
437,632007124,0,36
438,977206088,7,22
439,213868408,25,6
440,129061615,31,2
441,120564786,55,2
442,224598098,23,27
443,82381710,1,11
444,10968855,4,14
445,82508970,3,21
446,653055097,3,19
447,221038698,12,13
448,27246227,5,19
449,63297,5,15
450,95927849,4,20
451,102341385,12,5
452,54000605,6,34
453,979059925,2,27
454,6512,3,12
455,27363323,33,0
456,129145892,28,20
457,102289046,4,18
458,124402232,0,41
459,985086307,5,19
460,27415327,5,20
461,100798076,20,2
462,1063404053,2,18
463,54000598,9,14
464,989753852,1,18
465,990000217,4,12
466,121025345,9,2
467,213692714,1,22
468,82577019,7,22
469,39256416,3,39
470,255207155,0,19
471,63769334,2,36
472,129136818,2,19
473,653080986,10,7
474,27415469,2,22
475,39599631,4,18
476,84979504,22,1
477,653059015,4,26
478,85120104,2,13
479,101748685,0,43
480,54000608,34,14
481,66491394,11,31
482,102743096,0,27
483,126175087,10,13
484,101746493,15,37
485,27363137,12,9
486,339797666,2,21
487,82404497,8,27
488,1968156458,32,4
489,991351798,3,19
490,7304,12,3
491,54000592,35,1
492,1002738770,22,5
493,15409531,6,10
494,29327,2,3
495,36298,2,13
496,37903195,11,16
497,102313219,1,32
498,100906707,18,25
499,624177860,15,31
500,27369223,2,15
501,102336814,20,3
502,484423835,6,18
503,54000618,3,16
504,653059879,28,10
505,210583589,13,15
506,653050378,32,1
507,15291968,2,13
508,66491407,3,19
509,15387809,2,60
510,100918666,5,15
511,221094844,18,5
512,129101773,2,42
513,213987795,21,17
514,15397468,14,33
515,84966359,7,19
516,42908639,0,28
517,125469898,3,29
518,54000549,15,0
519,52329,4,32
520,85162552,2,42
521,54000586,1,30
522,2515738489,3,16
523,256561528,24,19
524,452920451,0,24
525,37920,32,0
526,54000588,7,59
527,1020700136,11,9
528,100855693,3,23
529,102304517,5,39
530,128889359,9,31
531,256124192,1,39
532,210737808,2,25
533,17526921983,9,24
534,54000546,31,2
535,42499285,0,46
536,35137730,29,19
537,259977414,20,2
538,36473,0,19
539,1002059045,25,1
540,912377361,10,34
541,653127524,2,28
542,2515686699,2,23
543,17527110170,9,21
544,17527065847,0,22
545,82568336,0,27
546,54000611,1,23
547,66491408,2,29
548,100872260,24,18
549,36151,15,2
550,213848056,37,18
551,452936197,5,55
552,54000545,32,31
553,66505511,29,0
554,66491386,56,2
555,1023083417,11,7
556,54000541,21,6
557,101490103,2,21
558,54000539,20,16
559,1025995767,16,4
560,1034242363,1,32
561,1021553839,3,33
562,1021176825,5,17
563,653065577,3,25
564,335780498,31,0
565,18175885970,0,0
566,484387018,9,22
567,1035816937,2,25
568,27415012,48,18
569,544249939,42,7
570,224256188,3,26
571,66507229,16,8
572,82432573,17,33
573,263610599,6,38
574,49772483,0,17
575,653066427,25,1
576,129089749,1,27
577,82587428,2,29
578,27415297,1,49
579,100770878,24,0
580,13283986,26,8
581,100910836,3,45
582,27363256,24,1
583,6515,29,1
584,41523981,3,29
585,1034247348,3,31
586,39536951,2,31
587,35089539,3,19
588,27415169,3,20
589,15412563,15,7
590,30179848,3,24
591,27363029,3,26
592,484889494,15,9
593,27415285,23,1
594,100902274,34,3
595,54000607,0,19
596,78348185,16,34
597,36003,17,6
598,27415215,2,23
599,263732151,5,27
600,1036199130,17,4
601,129161858,20,12
602,653035822,25,3
603,27414460,36,1
604,75313725,7,26
605,653069115,4,28
606,82419429,17,27
607,349750111,7,22
608,52453,0,25
609,210389577,15,2
610,15401095,13,33
611,1055553396,8,6
612,210394523,5,29
613,1036226943,7,25
614,66505513,29,0
615,66491371,28,5
616,1056959071,27,16
617,486833337,31,1
618,1055541632,23,19
619,60667075,22,0
620,606669250,18,21
621,66491368,48,1
622,15383032,39,0
623,54000561,18,12
624,17638171254,26,2
625,54001190,1,25
626,82569809,2,20
627,266052390,3,25
628,37952191,6,25
629,34300292,17,1
630,82554786,6,24
631,268976295,2,30
632,27415444,15,15
633,76488849,36,0
634,460558111,6,13
635,84983562,8,43
636,129081441,1,20
637,1056986761,53,1
638,41610121,25,2
639,82566934,1,52
640,82590367,17,38
641,43219958,8,31
642,35106544,5,50
643,267976590,61,5
644,1056965116,5,44
645,54000630,6,18
646,1599921040,1,27
647,129096696,1,12
648,82573931,23,10
649,82436057,1,20
650,11851037297,0,33
651,269953055,23,4
652,82448637,29,17
653,271540743,18,7
654,11851327865,16,12
655,13372702,8,23
656,1599931563,0,28
657,15411223,1,22
658,85152599,34,12
659,284711589,10,7
660,66491406,18,29
661,30550,21,2
662,478593396,1,19
663,213675430,29,19
664,213693126,3,20
665,363735875,6,8
666,265266148,3,21
667,357491025,1,21
668,457713145,23,19
669,392576677,17,7
670,52456,1,27
671,1056995858,1,28
672,27414924,3,22
673,390075668,6,33
674,1056972307,42,6
675,653217067,8,9
676,1109534105,0,19
677,365181481,6,47
678,653076373,2,33
679,15310509,2,15
680,275968458,21,37
681,213936755,11,38
682,1062812659,11,49
683,1056979685,9,16
684,128928526,2,13
685,287096529,26,17
686,13242682,4,27
687,278576043,3,15
688,213695073,7,26
689,284708999,10,28
690,653062048,2,23
691,653079520,8,11
692,653076393,34,0
693,129069108,0,39
694,128841079,40,0
695,54000550,24,6
696,124390478,15,2
697,97705710,0,39
698,54000593,24,16
699,27362949,2,29
700,1057003116,2,27
701,285726279,3,20
702,285454061,0,15
703,7261,6,14
704,291354793,29,20
705,213685863,50,2
706,653079135,1,12
707,38319086,4,33
708,221032834,39,9
709,653129435,11,4
710,124622630,13,25
711,129121741,4,46
712,96512532,16,2
713,362178041,8,18
714,100783424,67,2
715,210584503,5,9
716,422639331,10,19
717,1057061349,12,19
718,292871105,2,19
719,38280,8,9
720,653125838,27,2
721,594942659,3,16
722,404947652,31,2
723,457834134,6,23
724,213686471,10,14
725,1057081237,1,23
726,129142199,0,29
727,42541542,11,22
728,27363558,5,22
729,214109662,0,20
730,653122771,19,5
731,35147530,3,19
732,129135654,17,13
733,101756482,15,32
734,1057179405,2,27
735,653135400,10,16
736,213689228,4,37
737,129079313,4,39
738,409364001,3,15
739,1057039016,10,10
740,1057045129,18,22
741,1190800638,3,17
742,302725495,1,50
743,303102719,2,9
744,27363277,9,29
745,303452950,7,27
746,54000617,9,11
747,37921892,9,12
748,308082350,8,8
749,213691137,0,30
750,653126035,9,11
751,210745258,8,39
752,653080383,44,2
753,653123610,16,19
754,6295,17,1
755,54000562,2,26
756,54000615,2,47
757,135806005,2,14
758,66491395,35,5
759,402212574,0,0
760,102326776,1,22
761,653135378,6,30
762,210751059,4,12
763,213952930,29,1
764,1057184567,4,31
765,34235349,23,5
766,559980654,23,1
767,18012983979,21,23
768,1057203651,33,10
769,453172172,11,2
770,478385490,2,28
771,213706622,0,23
772,213686749,4,32
773,82572699,4,26
774,1057302263,6,12
775,27269170,18,0
776,82550543,23,32
777,82375611,2,42
778,443402852,2,43
779,38192,4,30
780,84958519,25,6
781,1062162270,6,14
782,35101194,16,14
783,1057319366,29,1
784,458086607,24,2
785,101491821,2,38
786,653081846,0,29
787,213689815,12,22
788,443198808,13,23
789,6294,18,4
790,620676855,1,20
791,98187918,60,0
792,210738704,13,12
793,82565383,3,41
794,102745622,25,1
795,13191324,24,8
796,213677219,10,11
797,85155919,4,27
798,1062238429,14,3
799,369011098,3,19
800,102343591,2,29
801,27415150,3,18
802,7247,3,13
803,653134004,3,22
804,27415246,35,10
805,389788858,14,59
806,1056947780,2,28
807,38327,9,23
808,100925033,9,36
809,109609241,12,20
810,82562496,8,13
811,235197110,4,39
812,417088374,23,14
813,439750210,7,18
814,42720305,30,8
815,653205656,2,26
816,653147618,9,18
817,417623119,1,19
818,82584215,60,1
819,428088564,2,22
820,365886904,6,31
821,221036108,3,44
822,653083263,39,0
823,85015750,32,4
824,27064639,1,19
825,102722579,18,8
826,75641607,17,15
827,39151458,3,16
828,468354634,2,26
829,379063990,8,13
830,213682190,6,37
831,213692227,4,32
832,653137566,1,31
833,213674686,19,15
834,38522,2,21
835,488889101,4,29
836,266422568,18,4
837,488872892,5,36
838,54000632,27,6
839,488800137,18,6
840,129016495,48,3
841,1057730786,20,0
842,131094294,18,11
843,494183852,13,27
844,1057335613,29,1
845,491687415,5,17
846,653083675,2,18
847,653141822,12,11
848,488980540,19,14
849,54000599,1,23
850,1057221951,11,17
851,653137567,16,5
852,54000600,2,31
853,82455731,5,57
854,15212034,2,18
855,1057399900,6,19
856,210395439,25,1
857,491932748,7,31
858,1057329581,24,0
859,1057378487,5,17
860,1057737444,14,36
861,2515636592,11,7
862,82336035,9,8
863,255322397,4,21
864,1314450240,3,16
865,559595472,13,9
866,1057091571,28,0
867,210582231,21,4
868,312870435,2,14
869,129106450,2,35
870,1057405802,8,22
871,27414544,21,0
872,213894629,5,40
873,1057354004,26,3
874,129059516,4,39
875,100923502,23,17
876,1227051850,5,35
877,1057748427,13,30
878,1015246367,0,25
879,54000560,17,3
880,101017160,6,26
881,100933541,9,18
882,36391,21,1
883,100934967,5,28
884,15309045,3,8
885,1062783107,23,7
886,653086121,2,32
887,653139897,3,24
888,285001735,35,4
889,101011685,24,1
890,27415547,2,23
891,54000543,32,0
892,100769544,44,1
893,1057765913,27,13
894,1062704564,30,10
895,221043930,3,33
896,1057234527,15,23
897,49498164,7,6
898,76121343,3,9
899,1057072168,2,22
900,284787594,3,36
901,1062685145,14,2
902,1056715831,18,3
903,101742129,14,23
904,1057360420,2,24
905,214119792,10,10
906,13912564,19,6
907,1057366813,7,24
908,37504995,17,15
909,131908132,12,8
910,49117995,2,18
911,125811629,44,0
912,102307005,8,14
913,1057753858,19,18
914,54000590,3,44
915,27359295,16,13
916,81212212,2,22
917,54000587,0,30
918,58311330,1,22
919,653087914,10,16
920,41219552,21,2
921,101738550,2,19
922,54000622,3,24
923,82339935,26,9
924,27414713,5,25
925,54000564,29,2
926,27363337,23,8
927,100967498,2,47
928,6298,0,23
929,43247025,3,16
930,70903158,15,8
931,37879071,2,32
932,82332239,34,2
933,54000619,4,29
934,265201872,28,21
935,101008598,6,36
936,75525462,0,44
937,15462861,9,21
938,95845524,5,12
939,38407,11,30
940,82554449,4,55
941,39535340,22,8
942,1062797394,23,0
943,66491391,2,29
944,54000570,8,28
945,1062256852,4,16
946,1057373549,7,15
947,653089942,4,16
948,201923447,26,10
949,220504949,26,6
950,38060,8,33
951,41464928,5,57
952,27296946,26,4
953,15308712,6,16
954,653143563,1,28
955,9931940126,2,35
956,443153677,32,1
957,7295,6,9
958,66505510,54,7
959,1062245074,24,3
960,1057758764,25,11
961,653144717,5,20
962,42275164,5,31
963,75345531,14,1
964,85031184,22,28
965,97824043,0,20
966,66491379,1,10
967,39169029,3,21
968,35600927,5,30
969,100868590,21,5
970,30730,17,19
971,54000616,3,29
972,66491381,0,32
973,77773,2,25
974,15463487,13,14
975,52518,5,17
976,1062874070,7,31
977,82574198,30,10
978,54000554,27,5
979,27415389,4,24
980,66491367,11,5
981,1062802530,10,13
982,653091206,13,25
983,27414902,4,16
984,653042678,24,1
985,66505516,14,32
986,49341735,2,40
987,15309674,8,11
988,49094984,11,26
989,125623876,5,15
990,2515672078,2,21
991,35317080,6,15
992,82396562,2,16
993,653146273,5,16
994,1062882947,4,17
995,653091677,11,13
996,35472299,3,9
997,1805255023,27,3
998,1057207064,22,2
999,128932790,26,2
1000,1062982815,7,12
1001,128890772,20,7
1002,66489651,30,1
1003,1237624420,4,26
1004,27415179,2,20
1005,100760396,27,2
1006,129152818,6,16
1007,129023855,0,24
1008,266963426,28,22
1009,210585225,1,19
1010,27313492,17,11
1011,262607058,15,18
1012,39626277,13,3
1013,1062911162,0,29
1014,1074095810,6,16
1015,128880156,23,1
1016,27364642,0,27
1017,338824395,11,4
1018,27415411,6,15
1019,210387163,21,9
1020,653150828,6,14
1021,443654970,33,3
1022,27415512,19,14
1023,15153595,6,26
1024,471094898,2,23
1025,66499894,31,1
1026,1057290902,19,26
1027,42341698,43,1
1028,653187900,1,39
1029,128874528,16,2
1030,1062827573,2,27
1031,54000542,20,9
1032,1074187051,1,28
1033,100759356,14,1
1034,331153695,22,3
1035,1074142878,2,18
1036,1064000778,28,27
1037,213680246,6,28
1038,54000465,26,2
1039,1074060095,1,26
1040,80419347,23,4
1041,1063000561,1,19
1042,11874261013,10,10
1043,213680553,4,47
1044,1063012692,8,11
1045,54000538,23,9
1046,100767550,28,13
1047,96608796,8,20
1048,653152142,11,7
1049,653094517,6,33
1050,129029327,19,1
1051,1063971944,7,22
1052,1063429705,4,19
1053,1062833975,2,32
1054,58391194,13,13
1055,2515756572,6,27
1056,1063410400,19,2
1057,80298493,6,18
1058,98132679,22,25
1059,1063984816,2,14
1060,478250062,23,1
1061,128878135,9,18
1062,1063044618,8,19
1063,11908510683,18,8
1064,1063421211,5,34
1065,569583918,43,1
1066,1074333296,7,35
1067,54000537,11,7
1068,1396728955,10,13
1069,11908496227,3,20
1070,49423507,50,1
1071,128834707,19,3
1072,78374110,15,2
1073,653097126,0,25
1074,391845823,1,22
1075,653140345,0,23
1076,15290700,17,4
1077,6352,18,1
1078,48800374,13,1
1079,129083553,3,28
1080,1074204954,21,9
1081,380891087,27,6
1082,2515885093,25,6
1083,653072212,15,15
1084,54001189,23,1
1085,653153519,5,15
1086,276989966,17,1
1087,6293,28,0
1088,128843085,30,0
1089,1063027377,5,19
1090,15433394,2,38
1091,210386007,21,0
1092,653085678,11,13
1093,6245,26,0
1094,1074339090,9,17
1095,18013122841,16,10
1096,39887632,0,0
1097,27414358,20,0
1098,101751231,5,28
1099,18013073681,2,20
1100,17174675707,20,2
1101,54000596,3,30
1102,39169877,61,4
1103,653155159,5,16
1104,653099465,15,13
1105,323468705,20,2
1106,1810975577,4,26
1107,35380305,12,23
1108,17364714962,2,43
1109,17364417797,2,28
1110,1062844489,0,0
1111,1063053136,0,20
1112,653040243,27,1
1113,1063061372,1,34
1114,2705356759,22,5
1115,214019379,6,20
1116,82574979,10,16
1117,1599896463,5,15
1118,2705290225,5,23
1119,100790494,11,13
1120,2705338817,18,4
1121,1074410417,1,27
1122,1074352578,14,10
1123,653156540,11,24
1124,54000573,5,39
1125,653031913,17,2
1126,1981490798,18,5
1127,129080400,8,14
1128,1074428106,6,23
1129,66491366,36,1
1130,653102462,24,19
1131,27414527,20,0
1132,653092274,5,27
1133,1057210479,1,14
1134,18013112116,0,0
1135,16816575934,19,18
1136,210328645,16,3
1137,311153993,31,1
1138,99886640,21,2
1139,6297,2,16
1140,208603342,20,0
1141,632086890,11,16
1142,18023659071,23,5
1143,210408693,25,0
1144,18013132487,5,34
1145,653104215,1,32
1146,54000557,0,0
1147,49424560,9,26
1148,653165196,10,17
1149,11146696292,16,15
1150,11146714746,15,10
1151,1074390359,13,20
1152,653159330,19,9
1153,653110858,4,19
1154,653107480,11,11
1155,1988517250,18,8
1156,653166892,3,27
1157,653106960,25,12
1158,82468690,2,54
1159,16899499876,5,13
1160,39565873,6,20
1161,74864208,3,24
1162,2002864789,11,3
1163,1074398925,12,25
1164,12225158518,4,23
1165,567884788,19,3
1166,99950133,32,22
1167,549480297,22,1
1168,17721073284,2,17
1169,16899518505,2,17
1170,17729456391,10,17
1171,12225289563,4,24
1172,12196660096,8,21
1173,16898865154,16,14
1174,653175838,10,8
1175,84960402,15,20
1176,2515701705,0,19
1177,653110492,8,20
1178,17869323774,1,22
1179,15550433574,18,19
1180,486750405,5,19
1181,11438171152,2,22
1182,10773448319,14,13
1183,16529895896,11,17
1184,102339791,2,25
1185,16529911795,18,10
1186,74805344,30,0
1187,52474,1,20
1188,11218473640,2,21
1189,125370566,2,18
1190,66491396,6,45
1191,78124875,2,50
1192,102328355,12,8
1193,54000578,4,29
1194,653180903,4,31
1195,101015227,32,3
1196,76352106,30,1
1197,102724418,7,18
1198,653184632,6,26
1199,27363206,0,29
1200,49791363,27,3
1201,102287315,2,42
1202,42950428,14,36
1203,100921894,7,8
1204,82429586,22,16
1205,653193536,1,18
1206,54000589,2,65
1207,74692052,2,32
1208,35080917,1,28
1209,11218807773,35,11
1210,101759167,3,43
1211,653114003,21,3
1212,66491390,37,1
1213,89553051,4,17
1214,54000591,4,33
1215,37420,11,5
1216,7402,5,11
1217,75352635,6,19
1218,34836174,3,27
1219,6354,14,17
1220,35263507,3,18
1221,27415194,3,32
1222,653114443,13,5
1223,653190196,3,34
1224,27363156,4,18
1225,16206842336,16,13
1226,39776330,4,12
1227,66491409,4,16
1228,82583924,1,28
1229,124183944,45,8
1230,27363389,11,18
1231,66491373,15,3
1232,27363058,1,22
1233,37995,3,46
1234,102751453,3,23
1235,54000624,0,0
1236,58086242,2,10
1237,16206691682,15,13
1238,27399547,5,16
1239,54000610,12,56
1240,101022698,11,24
1241,82440673,5,45
1242,54000583,3,33
1243,74858883,4,27
1244,63279,2,14
1245,125918662,2,19
1246,15163771,5,24
1247,82571023,2,41
1248,100893610,59,1
1249,27363205,2,33
1250,653197206,9,15
1251,27415256,9,23
1252,101488317,4,29
1253,6497,3,17
1254,653118283,20,3
1255,124167835,2,14
1256,27415371,2,33
1257,82335295,28,2
1258,66491384,2,30
1259,16931052467,17,13
1260,102748267,1,24
1261,28233012,30,0
1262,128884445,47,15
1263,49829553,0,30
1264,102752610,3,24
1265,37848502,15,9
1266,54000552,30,0
1267,16930981813,6,12
1268,66491382,1,34
1269,39882420,3,19
1270,54000547,35,1
1271,27415360,6,13
1272,82588494,1,28
1273,125542925,7,29
1274,54000568,4,41
1275,82425449,9,42
1276,7234,27,2
1277,82551956,15,15
1278,85160045,15,11
1279,35816213,8,25
1280,653190279,14,6
1281,99840124,28,16
1282,39311270,4,29
1283,82413301,6,34
1284,80077998,3,15
1285,13248144,3,31
1286,82408364,6,31
1287,66491372,57,3
1288,54000631,18,3
1289,54000623,2,25
1290,653121023,19,6
1291,76507850,3,30
1292,101010226,19,47
1293,653194214,9,10
1294,11375742,2,21
1295,42588096,3,25
1296,66491369,10,37
1297,27363397,3,16
1298,39878420,0,20
1299,27415333,4,52
1300,99798962,35,2
1301,82588656,53,0
1302,35471668,3,25
1303,27415500,2,23
1304,11580442,9,8
1305,27414932,2,35
1306,66507230,8,12
1307,125881065,4,27
1308,54000627,8,15
1309,27415083,8,44
1310,54000629,21,14
1311,27415004,19,19
1312,27415128,2,18
1313,84961467,47,1
1314,27414937,3,35
1315,14623073464,46,0
1316,27363504,1,28
1317,100227241,30,5
1318,2254322638,1,24
1319,15377776,7,26
1320,70736110,0,32
1321,15298647,15,21
1322,16210188070,28,3
1323,129095489,0,27
1324,66491388,31,2
1325,16043228469,26,1
1326,15189890802,10,13
1327,16043316164,11,17
1328,311552027,33,12
1329,121160813,2,25
1330,11063317380,14,4
1331,1057387136,0,30
1332,54000628,48,5
1333,17225742003,0,0
1334,15187848239,15,14
1335,16043242148,11,14
1336,13568870765,16,1
1337,16043282800,12,15
1338,37647,3,26
1339,218903767,13,46
1340,214097180,16,7
1341,54000551,16,1
1342,54000621,6,35
1343,2515618216,21,8
1344,100863462,51,14
1345,16965900639,18,5
1346,85123644,0,25
1347,11908488283,10,16
1348,253357936,13,45
1349,42517412,0,24
1350,213699079,27,38
1351,17018170219,14,6
1352,15066765479,16,25
1353,213676294,20,1
1354,95073815,35,4
1355,17451132826,3,16
1356,10647548670,2,20
1357,10647608657,15,15
1358,54000556,2,26
1359,54000555,26,5
1360,17451195211,28,3
1361,17047102542,8,12
1362,17450286381,5,14
1363,17225721242,1,23
1364,39149651,48,4
1365,16134135570,12,14
1366,11266280626,17,10
1367,27033125,2,14
1368,16134083337,0,29
1369,49039283,1,18
1370,35642049,1,14
1371,17261310217,1,29
1372,11851012506,19,15
1373,16379269732,39,1
1374,13341879803,11,15
1375,1074347188,16,3
1376,84986959,54,7
1377,2515774908,0,21
1378,12943772652,3,27
1379,15826185972,5,11
1380,123546861,1,26
1381,252301607,13,4
1382,82423726,45,23
1383,12959947458,6,17
1384,12948189248,17,13
1385,12806084887,26,17
1386,102317064,0,40
1387,11851103861,3,22
1388,210581084,35,8
1389,11438049493,25,6
1390,11437651826,5,25
1391,11438116799,32,5
1392,11437761399,9,21
1393,11437961617,1,25
1394,11004720021,9,19
1395,11437706131,22,3
1396,13373758036,0,28
1397,13373801574,9,20
1398,13373712848,0,24
1399,13373848216,23,5
1400,82402482,2,55
1401,129088667,3,36
1402,54000604,1,32
1403,43247738,1,34
1404,102311820,4,30
1405,315022587,81,2
1406,1062807847,54,0
1407,102335085,35,1
1408,126354477,4,17
1409,129026597,34,1
1410,2515855808,53,3
1411,210753033,0,14
1412,653139063,0,24
1413,18523627466,0,0
1414,437741660,42,2
1415,18523643190,0,0
1416,82457375,3,28
1417,18206879942,0,0
1418,82499609,0,36
1419,507934805,0,25
1420,452347778,6,15
1421,101761298,58,8
1422,129042700,4,56
1423,907054879,10,10
1424,452341449,0,0
1425,368766689,34,3
1426,478732841,11,5
1427,18099679477,16,0
1428,34742973,40,1
1429,101013666,20,16
1430,129050965,17,1
1431,74635382,9,35
1432,39202840,4,12
1433,312165511,31,3
1434,213999554,0,20
1435,43165673,16,21
1436,27415736,0,30
1437,82417874,18,40
1438,581480367,38,30
1439,42907187,2,23
1440,653131074,2,23
1441,117480156,49,1
1442,653087180,4,26
1443,478952881,6,18
1444,30641281,12,8
1445,54000567,1,33
1446,476053320,18,6
1447,213684314,15,9
1448,210573120,7,26
1449,256403519,1,20
1450,121086415,17,0
1451,1062742831,13,23
1452,128915891,18,14
1453,213687475,3,19
1454,523900881,3,56
1455,442739463,16,2
1456,653073004,86,2
1457,394404659,47,4
1458,384370499,4,21
1459,653046369,49,6
1460,516395829,11,2
1461,54000634,7,17
1462,476155906,23,4
1463,54000572,5,16
